date_30,rf_gross_29d,date_60,rf_gross_59d,date_90,rf_gross_89d,date_180,rf_gross_179d
19960117,1.0045231273524702,19960117,1.0090936271654956,19960117,1.0135673143099355,19960117,1.0266086196392972
19960214,1.0042832794230359,19960221,1.0086956295024787,19960214,1.0128983964475167,19960214,1.0253192271248353
19960320,1.004352599375568,19960320,1.008881613338097,19960320,1.0134367840380647,19960320,1.0271699912371495
19960417,1.004392951048907,19960424,1.0089455637033873,19960417,1.0135692351487602,19960417,1.0276158396244892
19960522,1.0043712770405056,19960522,1.0089694463716046,19960515,1.0135772250370432,19960515,1.027849254181519
19960619,1.0043734346522657,19960619,1.009107583928149,19960619,1.0139517731531773,19960619,1.0287712293027613
19960717,1.0043928868736376,19960724,1.0091593364807694,19960717,1.014021278073951,19960717,1.029148625037565
19960821,1.0043468671113773,19960821,1.0089982904623798,19960814,1.0137033909401338,19960821,1.028351098947045
19960918,1.0044009275409085,19960918,1.0092082170361993,19960918,1.0141527099537686,19960918,1.0291812257748376
19961016,1.004325525717017,19961023,1.008985380017137,19961016,1.0137244209766854,19961016,1.0280629434006594
19961120,1.0043318413691538,19961120,1.0089254279251578,19961120,1.0135145302149995,19961113,1.0275148825919187
19961218,1.0045014788617115,19961224,1.0093965814185082,19961218,1.0137932840165078,19961218,1.0279343701767738
19970122,1.0043725717574845,19970122,1.0090461342736121,19970115,1.0137749030018806,19970115,1.0282669425284685
19970219,1.004329421266454,19970219,1.0089267883010997,19970212,1.0136273856877975,19970212,1.0278766927154486
19970319,1.00443354198355,19970319,1.0092028324732485,19970319,1.0140723015606603,19970319,1.0289577193219757
19970416,1.004573461689655,19970423,1.009521480720479,19970416,1.0145412012162962,19970416,1.030123703728039
19970521,1.0045739910085945,19970521,1.0094598408938007,19970514,1.014454010287345,19970521,1.0296927763786605
19970618,1.0045731260430415,19970618,1.0094098004370644,19970618,1.014302898726053,19970618,1.029134365201885
19970716,1.0045654396062718,19970723,1.0093328737420486,19970716,1.0142252482287264,19970716,1.0291037537910177
19970820,1.0045303515952344,19970820,1.0093231438437464,19970820,1.0141964926294496,19970820,1.0290460572990854
19970917,1.0045524807479806,19970924,1.0093959965385448,19970917,1.0142097828227863,19970917,1.0289262996553414
19971022,1.0045546082657866,19971022,1.0094749723155667,19971015,1.0142853427132474,19971015,1.029236333214722
19971119,1.0045739562831655,19971119,1.0094624162792334,19971119,1.014356519453816,19971112,1.029155334817529
19971217,1.0047592918469495,19971224,1.0098043594223085,19971217,1.0145875769009047,19971217,1.0293894000664428
19980121,1.0045182044247187,19980121,1.0091890256722353,19980114,1.0138692694524787,19980114,1.0279005010053504
19980218,1.0045267747127815,19980218,1.0092249825602615,19980211,1.0139339306074608,19980218,1.0279419166799721
19980318,1.0045636925912977,19980318,1.009288407478207,19980318,1.0140319296772915,19980318,1.0283921312349418
19980415,1.0045519962253726,19980422,1.009321136099553,19980415,1.0140977306354675,19980415,1.028632144237587
19980520,1.0045420294699887,19980520,1.009318829258439,19980520,1.0141241855686256,19980520,1.0287536374406052
19980617,1.0045468875749664,19980624,1.0093259650174746,19980617,1.0141067561454336,19980617,1.0287323865311253
19980722,1.0045467491615858,19980722,1.0093063161843456,19980715,1.0140897056292388,19980715,1.0286267038706038
19980819,1.0045465043571113,19980819,1.0092861943920184,19980819,1.0140663779450612,19980819,1.0283984458859032
19980916,1.00450779037375,19980923,1.0089459333349073,19980916,1.0134866633718949,19980916,1.0265529799659119
19981021,1.004207014225827,19981021,1.0084123047750093,19981014,1.0128679002231362,19981014,1.0247178574655624
19981118,1.0040675772915821,19981118,1.0083731670582496,19981118,1.012553119302579,19981118,1.024848217039201
19981216,1.0043974882143742,19981223,1.008643751710541,19981216,1.0127721125011526,19981216,1.0249050121751944
19990120,1.0039823504525973,19990120,1.0081423305256898,19990113,1.0123781705333215,19990113,1.0248933011291876
19990217,1.0039734142938084,19990217,1.008166461464671,19990217,1.0123986408846348,19990217,1.0252639517065454
19990317,1.003963040460259,19990324,1.0081604971085643,19990317,1.0123887129758107,19990317,1.0253002874209503
19990421,1.0039502246463707,19990421,1.0081280860605222,19990414,1.012309964712779,19990414,1.0250154235893238
19990519,1.0039633074288024,19990519,1.0082234298969015,19990519,1.0125783344520929,19990519,1.0261723345106368
19990616,1.0040223517138562,19990623,1.008567368475905,19990616,1.0129304608722058,19990616,1.0271392029745214
19990721,1.0041527054946557,19990721,1.008607454792049,19990714,1.0131753379880635,19990721,1.0273404366175864
19990818,1.0042452402328859,19990818,1.008878838521031,19990818,1.0137766474897763,19990818,1.0287073864087857
19990915,1.004330846510168,19990922,1.0093385762854477,19990915,1.0142275525769102,19990915,1.029312118819735
19991020,1.0043601733911944,19991020,1.0095569167824938,19991020,1.0147445956597536,19991020,1.0299031461373402
19991117,1.004505045997083,19991124,1.0096163402637168,19991117,1.014357509329294,19991117,1.029296053653036
19991222,1.0050620299966824,19991222,1.01004656970598,19991215,1.0152581054097485,19991215,1.0308495093321508
20000119,1.0046550009884223,20000119,1.0097899892939528,20000119,1.0150200293934233,20000119,1.031211663821789
20000216,1.0047300125175012,20000223,1.0100422156546434,20000216,1.0153002710988548,20000216,1.0321229567959402
20000322,1.0049305111913862,20000322,1.0102311990211865,20000315,1.015553189836256,20000315,1.0324347697486846
20000419,1.0049487351094895,20000419,1.010353542913095,20000419,1.015899840897448,20000419,1.0328882820172807
20000517,1.0053171101404326,20000524,1.0111227889776113,20000517,1.0169943853563086,20000517,1.0354391365074562
20000621,1.0053487982558038,20000621,1.0110856225984242,20000614,1.0167500524522524,20000614,1.0343915840859497
20000719,1.0053370775513346,20000719,1.011030351303174,20000719,1.016763518840741,20000719,1.034378113015681
20000816,1.0053260481378474,20000823,1.010883631101541,20000816,1.0165218666444056,20000816,1.033836024401094
20000920,1.0053275260016696,20000920,1.0110026969677954,20000913,1.0166873108259942,20000913,1.0337787805796221
20001018,1.0053290634775773,20001018,1.0109442317899193,20001018,1.016569886803031,20001018,1.0330915692337395
20001115,1.0053282562907366,20001122,1.0109487171572373,20001115,1.0165224519963958,20001115,1.0331942693705651
20001220,1.0053473700954993,20001220,1.0105931691350865,20001213,1.0161044537650514,20001213,1.0316771041206523
20010117,1.0047696103511814,20010117,1.0094412722147752,20010117,1.0139793964985464,20010117,1.0273592148987625
20010214,1.0044872992548417,20010221,1.0087663642230238,20010214,1.0132479557951128,20010214,1.0261289296594012
20010321,1.0040729931954167,20010321,1.0080050630252382,20010314,1.0121264812106936,20010321,1.0229064664401248
20010418,1.004065256496003,20010418,1.0077122596315817,20010418,1.0112415404589752,20010418,1.0219088457126553
20010516,1.0032908684084514,20010523,1.0066385925959205,20010516,1.0099423986348295,20010516,1.0200726201356334
20010620,1.0031063158817342,20010620,1.006184116624387,20010620,1.0092554031927046,20010620,1.0187733477784753
20010718,1.0030814955393146,20010725,1.0060737080338218,20010718,1.0091417661180617,20010718,1.018456466411924
20010822,1.002880633281764,20010822,1.005768756582724,20010815,1.0088336551051094,20010815,1.0179091791071593
20010919,1.002213461281655,20010919,1.004376621530692,20010919,1.006489339507985,20010917,1.0141774733011144
20011017,1.0020235584951092,20011024,1.0038182750241,20011017,1.005898810393408,20011017,1.0117351850639391
20011121,1.0016913394327793,20011121,1.0034490312354618,20011114,1.0050279222384864,20011114,1.0102106607547756
20011219,1.001539123335792,20011219,1.0031271108873447,20011212,1.004623674740406,20011219,1.0100653030677542
20020116,1.0014028998203572,20020116,1.00287689923931,20020116,1.0044072168817684,20020116,1.0094531671960987
20020213,1.0014880745972627,20020220,1.0031295310035189,20020213,1.0048171744499994,20020213,1.010523387819821
20020320,1.0015399051142133,20020320,1.0033527192130538,20020320,1.0053202008315123,20020320,1.0122796488934112
20020417,1.001495691783556,20020424,1.0031709392175612,20020417,1.0049800870719328,20020417,1.0112132786842394
20020522,1.0014790004335548,20020522,1.0031178494245772,20020515,1.0048770977200094,20020515,1.0110246671387382
20020619,1.001477920123845,20020619,1.0030647281487626,20020619,1.0046888751671066,20020619,1.010102355285366
20020717,1.0014788589418286,20020724,1.002952766048728,20020717,1.0046007769068739,20020717,1.009591114543062
20020821,1.0014573109429517,20020821,1.0029332141065401,20020814,1.0043010251416804,20020821,1.0088022447640408
20020918,1.0014652682247192,20020918,1.0029680543269617,20020918,1.00444326919269,20020918,1.0089168222844433
20021016,1.0014662923359077,20021023,1.0029495956592012,20021016,1.004421802617783,20021016,1.008939717430669
20021120,1.001101499807558,20021120,1.002286105306193,20021120,1.0034722712553237,20021113,1.0069584410712076
20021218,1.0011259933579904,20021224,1.0022936262496593,20021218,1.003396103538795,20021218,1.0069142513475904
20030122,1.0010887433608078,20030122,1.0021846004715398,20030115,1.0033597426269516,20030115,1.0067552389200585
20030219,1.0010773499249463,20030219,1.0021750190796925,20030212,1.0032558310389432,20030212,1.0064777118097494
20030319,1.0010450748157966,20030319,1.002097592752434,20030319,1.0031267593614352,20030319,1.0062698687046536
20030416,1.001069252494424,20030423,1.002146104021264,20030416,1.0032319893813064,20030416,1.0064820822053437
20030521,1.0010576382457932,20030521,1.002068116232299,20030514,1.0030804854512831,20030521,1.0058393431364516
20030618,1.0009087921528395,20030618,1.001742048443262,20030618,1.00254808177599,20030618,1.005003282591742
20030716,1.0008869600618457,20030723,1.0018023406573742,20030716,1.0027125566338724,20030716,1.0055256127491987
20030820,1.0008903905274742,20030820,1.0018492181349152,20030820,1.002834783644525,20030820,1.0059507313156038
20030917,1.000897374783595,20030924,1.0018719262707652,20030917,1.0028372243397268,20030917,1.0058399756556704
20031022,1.0008968781887795,20031022,1.001880437759669,20031015,1.0028518472916166,20031015,1.0060081492566348
20031119,1.0008966932914123,20031119,1.0018840858486522,20031119,1.0029021502213866,20031119,1.0062578804204785
20031217,1.0009159551898807,20031224,1.0019020085592658,20031217,1.0029049193283273,20031217,1.0061242258626586
20040121,1.000881922521333,20040121,1.0018318594568156,20040114,1.002798294686235,20040114,1.0058162357509597
20040218,1.0008761221431959,20040218,1.0018208006390497,20040218,1.0027848166684898,20040218,1.0058810282438562
20040317,1.0008755922488315,20040324,1.0018041702951626,20040317,1.0027512200445854,20040317,1.0057426158210276
20040421,1.0008857997436673,20040421,1.001904207721295,20040414,1.0030249984988444,20040414,1.0067398863157062
20040519,1.0008893573848545,20040519,1.002094606116201,20040519,1.0034766579288248,20040519,1.0084098875782879
20040616,1.0010118837788144,20040623,1.002510582629331,20040616,1.0040652306575335,20040616,1.0098369080024712
20040721,1.0011471766187778,20040721,1.0026610187539406,20040714,1.004325053062668,20040721,1.0100589472184265
20040818,1.0012885717379403,20040818,1.0028358191922748,20040818,1.0044927480818169,20040818,1.0099301988602836
20040915,1.0014379079160973,20040922,1.0032134184333101,20040915,1.0048614914749185,20040915,1.0105627502177879
20041020,1.0015329292200124,20041020,1.003356167520399,20041020,1.0052433241494991,20041013,1.0113047595521827
20041117,1.001715908720378,20041124,1.0038640012255462,20041117,1.0059037903430306,20041117,1.012925643918622
20041222,1.00195225012359,20041222,1.004167375834635,20041215,1.0063947277980962,20041215,1.0138203471361116
20050119,1.0020045154954755,20050119,1.0043731774163416,20050112,1.0068532253900233,20050112,1.0147638871979134
20050216,1.0020916310550856,20050216,1.0045760911006336,20050216,1.0072127894590452,20050216,1.015722457278353
20050316,1.0022794506995432,20050323,1.0049968491241386,20050316,1.007700459281651,20050316,1.0168395499824279
20050420,1.0024124906969236,20050420,1.0051398350466882,20050413,1.0080978947683554,20050420,1.0169654229620824
20050518,1.0024906449179205,20050518,1.005331852520814,20050518,1.008308539393771,20050518,1.0176619436283816
20050615,1.0026044929442735,20050622,1.0056513208453224,20050615,1.008637455907351,20050615,1.0183952219466574
20050720,1.0027604467401008,20050720,1.005915996691083,20050720,1.00922538588417,20050720,1.0196144522707236
20050817,1.002889298136233,20050824,1.0062648858084156,20050817,1.009618747459658,20050817,1.0204474262081429
20050921,1.0030867691018128,20050921,1.0064843375220875,20050914,1.009799541535078,20050914,1.0202240839941037
20051019,1.0032162589778177,20051019,1.0067976727189176,20051019,1.0105093877502744,20051019,1.0220339385803978
20051116,1.0033317299596332,20051123,1.0071356128733362,20051116,1.0109211448961684,20051116,1.0230253248688275
20051221,1.0035259758032442,20051221,1.0073939268180414,20051214,1.011350731927381,20051214,1.0234596191450709
20060118,1.00360605407583,20060118,1.0075212742693385,20060118,1.0114969381780732,20060118,1.0236106528126967
20060215,1.0036857163353263,20060222,1.007839602768034,20060215,1.0119645942345195,20060215,1.0248686910074942
20060322,1.0038762720380547,20060322,1.0080837055103862,20060315,1.0122354332641401,20060315,1.0252784540172295
20060419,1.0039643650707144,20060419,1.008272279567014,20060419,1.0126628673995544,20060419,1.0260195727499328
20060517,1.0040912375674715,20060524,1.0085121096076421,20060517,1.0129296738612241,20060517,1.0265070903921019
20060621,1.0042725556612166,20060621,1.008897411950823,20060614,1.0134798627147499,20060614,1.027585471967127
20060719,1.0043348508827208,20060719,1.0089654125601013,20060719,1.0136497026945435,20060719,1.027852324226615
20060816,1.0042925055442635,20060823,1.0088279598408327,20060816,1.0133939048030716,20060816,1.0272125397154823
20060920,1.0042938210098655,20060920,1.0088135783083223,20060913,1.013402323587082,20060913,1.0269945331737245
20061018,1.0042852340264363,20061018,1.008785741129636,20061018,1.0133191799967722,20061018,1.0269265603855162
20061115,1.0042848048880775,20061122,1.0087782114680444,20061115,1.0132929221938989,20061115,1.0268212868273474
20061220,1.0043105652354285,20061220,1.0087885853424623,20061213,1.0132715407195063,20061213,1.0266858069049978
20070117,1.0042847239632402,20070117,1.0087646896475728,20070117,1.0132689432052069,20070117,1.026861244541646
20070214,1.0043039120230806,20070221,1.0087726744652667,20070214,1.0133059568904161,20070214,1.0268629983344006
20070321,1.0042859450806803,20070321,1.0087405244502148,20070314,1.0131967249675713,20070321,1.0262555362278423
20070418,1.0042861566792307,20070418,1.0087568722734703,20070418,1.0132336038363075,20070418,1.0265692310861352
20070516,1.0042855392550198,20070523,1.0087703943385726,20070516,1.0132368532420284,20070516,1.0266184008094714
20070620,1.0042864118958903,20070620,1.0087704640124313,20070620,1.0132705576746697,20070620,1.0269095672619122
20070718,1.0042862213112378,20070725,1.0087681005897795,20070718,1.0132528002403483,20070718,1.0267695429312385
20070822,1.0044196388980078,20070822,1.0087737434646051,20070815,1.0132974068614167,20070815,1.025735401224765
20070919,1.0041356258418705,20070919,1.008375304234626,20070919,1.0124537474504025,20070919,1.0239236441950343
20071017,1.0040383489407545,20071024,1.0079168983602864,20071017,1.0123610439224462,20071017,1.0242077556171743
20071121,1.0038513358863244,20071121,1.0078491288510496,20071114,1.011847003059077,20071114,1.0229365534996666
20071219,1.0039915511371564,20071219,1.007905121744412,20071219,1.0116455703285152,20071219,1.0222125173709422
20080116,1.003238616602661,20080123,1.005253352635579,20080116,1.0093880274863887,20080116,1.0176835651077032
20080220,1.0025036182762646,20080220,1.004964729543792,20080213,1.0072061290675116,20080213,1.0135153823425855
20080319,1.002098302949251,20080319,1.0041422386693541,20080319,1.0060306073517074,20080319,1.011274537123062
20080416,1.0022012118297456,20080423,1.0047284333318873,20080416,1.0067993995600641,20080416,1.0134004581838412
20080521,1.0019332606966578,20080521,1.0041084221224101,20080514,1.006812251580257,20080521,1.0130826971313343
20080618,1.0020193012914362,20080618,1.0044344230824744,20080618,1.0069860754316897,20080618,1.0152451063983905
20080716,1.0019771297972129,20080723,1.0043975566693395,20080716,1.0066819498458215,20080716,1.0141825201346661
20080820,1.0019917901905058,20080820,1.0043587777053575,20080820,1.0068258733716662,20080820,1.0142277756087492
20080917,1.002541826045369,20080924,1.0062894654832606,20080917,1.00822649188913,20080917,1.0157168286997547
20081022,1.002524841474063,20081022,1.0047961155569924,20081015,1.0090090266317355,20081015,1.0150362173918686
20081119,1.0011178937689553,20081119,1.0027714012337094,20081119,1.0044179541545177,20081112,1.0092895607578571
20081217,1.0004764502673562,20081224,1.0015397992645827,20081217,1.002670675341201,20081217,1.0057878024368487
20090121,1.0002911459070345,20090121,1.0012715263821677,20090114,1.0022766662139537,20090114,1.0045033502806477
20090218,1.0003908012029792,20090218,1.001488242277085,20090211,1.0028310286275715,20090218,1.0059169502101348
20090318,1.0004373227750338,20090318,1.0014369432106518,20090318,1.0024759472266398,20090318,1.0054605982851956
20090415,1.0003587939042229,20090422,1.001271275573479,20090415,1.002063657974886,20090415,1.004672959346254
20090520,1.0002515260119043,20090520,1.0007557241405536,20090520,1.001265830743471,20090520,1.002946562261382
20090617,1.0002552259360271,20090624,1.0008533759309353,20090617,1.0014047086587272,20090617,1.0035853381785107
20090722,1.0002309834954766,20090722,1.0006471504771286,20090715,1.0011188126960795,20090715,1.0030027134098012
20090819,1.0002182376303284,20090819,1.0005722070961973,20090819,1.0009848315952086,20090819,1.0024356466929094
20090916,1.0001963587604472,20090923,1.0004764713365015,20090916,1.0008226900380497,20090916,1.0021044482004273
20091021,1.000196543089949,20091021,1.0004631109844,20091014,1.0007430156983332,20091014,1.0019386883573569
20091118,1.0001900005323552,20091118,1.000415644300587,20091118,1.0006569634261595,20091118,1.0015314156236477
20091216,1.0001863603798602,20091223,1.0004130438290226,20091216,1.000697470861445,20091216,1.0018442301002537
20100120,1.0001846378820278,20100120,1.000402388104288,20100113,1.000648172818675,20100113,1.00160725885731
20100217,1.0001848942587428,20100217,1.0004142449005848,20100217,1.0006779448456105,20100217,1.0016839961898631
20100317,1.0001911811317683,20100324,1.000464762237597,20100317,1.0007124905697913,20100317,1.0017248923135962
20100421,1.0002107668256237,20100421,1.0005056804551533,20100414,1.000779138643743,20100414,1.0018983587935992
20100519,1.0002757950178012,20100519,1.0007734530185668,20100519,1.001344628163753,20100519,1.0032773321500912
20100616,1.000280207605271,20100623,1.0007961570848942,20100616,1.0013191819431084,20100616,1.003221293896678
20100721,1.0002667780045602,20100721,1.0006625353679226,20100714,1.0011513359290203,20100721,1.0023402972622297
20100818,1.0002148288078248,20100818,1.0005031900230084,20100818,1.000816706287883,20100818,1.0018160274146364
20100915,1.0002070226317075,20100922,1.0004669556689314,20100915,1.0007666176640446,20100915,1.0018011770577697
20101020,1.0002066324981962,20101020,1.0004712774883728,20101020,1.0007678837583907,20101013,1.0015834378697577
20101117,1.000204638920032,20101124,1.0005296942766537,20101117,1.000750385938883,20101117,1.001731717824642
20101222,1.0002103463222298,20101222,1.0004855841748692,20101215,1.0008247014214384,20101215,1.0021060518855398
20110119,1.0002097412812772,20110119,1.0004780101924737,20110112,1.0007726662691494,20110112,1.001805233026086
20110216,1.000212718836708,20110216,1.0004851131009438,20110216,1.0007811092221102,20110216,1.0018288739799728
20110316,1.0002034666562427,20110323,1.000473272098817,20110316,1.000777471845713,20110316,1.0017831970768596
20110420,1.0001704026264675,20110420,1.0004067170603497,20110413,1.0006339495531085,20110420,1.0015240557638063
20110518,1.0001559166304468,20110518,1.0003818313283457,20110518,1.0006256296265836,20110518,1.0014543501868036
20110615,1.0001484226847899,20110622,1.0003808632669509,20110615,1.000659469091957,20110615,1.0016682800686567
20110720,1.000149486660863,20110720,1.000392922173311,20110720,1.000704652323093,20110720,1.0018372827492643
20110817,1.0001691404331703,20110824,1.0004924532965442,20110817,1.0008046576671386,20110817,1.0019657483632671
20110921,1.0001875725640936,20110921,1.0005251306398881,20110914,1.0009226852824629,20110914,1.002341094711149
20111019,1.0001946889917124,20111019,1.0005712637579482,20111019,1.0010152996865191,20111019,1.0024637979950821
20111116,1.0002007258156764,20111123,1.000750406317177,20111116,1.0012592788743715,20111116,1.003154409988384
20111221,1.0002332759071377,20111221,1.000743215640149,20111214,1.001227137832905,20111214,1.0030090798081683
20120118,1.0002228720236694,20120118,1.0006524175748772,20120118,1.0010885290631901,20120118,1.0023979212512084
20120215,1.0001981261723432,20120222,1.000592653029881,20120215,1.0009400746815338,20120215,1.0021246965587922
20120321,1.0001942958886572,20120321,1.0005943448856505,20120314,1.0009538447053323,20120321,1.002253476032259
20120418,1.0001932442731833,20120418,1.0005737092119311,20120418,1.0009798376434105,20120418,1.0022263780633964
20120516,1.0001906330416586,20120523,1.000602583488357,20120516,1.0010142140399805,20120516,1.0024827453549365
20120620,1.0001980447462366,20120620,1.0005792347492295,20120620,1.000963786489204,20120620,1.0021444503531016
20120718,1.00019741856863,20120725,1.0005737867992783,20120718,1.0008920154586727,20120718,1.0019224796939596
20120822,1.0001890684171688,20120822,1.0005364175660698,20120815,1.0008517925122244,20120815,1.001873653831779
20120919,1.000175752082901,20120919,1.0004522344447897,20120919,1.000734091033187,20120912,1.00160367219212
20121017,1.0001689946373726,20121024,1.0004208591019095,20121017,1.0006455742895266,20121017,1.0013698219852607
20121121,1.0001673636681199,20121121,1.0004361503923935,20121114,1.0006681989036106,20121114,1.0014499131624395
20121219,1.0001692793922845,20121219,1.0004236223225644,20121212,1.0006522433383953,20121219,1.0014800973525368
20130116,1.000164383920515,20130116,1.0004024535732852,20130116,1.0006555085150735,20130116,1.0014267500893708
20130213,1.0001632924109893,20130220,1.00041008245026,20130213,1.0006508788863495,20130213,1.0014430045807192
20130320,1.0001637153353138,20130320,1.0004186050489674,20130320,1.0006859905992656,20130320,1.0015429811517795
20130417,1.0001598844341657,20130424,1.000399408715031,20130417,1.000634400168246,20130417,1.0014030284980253
20130522,1.0001554112707751,20130522,1.0003825633003645,20130515,1.0006160116941107,20130515,1.0013565749407305
20130619,1.000153302140179,20130619,1.0003810641512791,20130619,1.000621926241613,20130619,1.0013833980594873
20130717,1.00015233002328,20130724,1.0003792427838007,20130717,1.0006156913407778,20130717,1.0014073666656886
20130821,1.0001470876930465,20130821,1.000372818917669,20130814,1.0006037226219815,20130821,1.0013950944389332
20130918,1.0001449363167345,20130918,1.0003524545264688,20130918,1.0005752912541481,20130918,1.0012988626936203
20131016,1.0001409124912937,20131023,1.0003387645908601,20131016,1.0005739520016608,20131016,1.0013349174851471
20131120,1.0001354927233197,20131120,1.0003334853073687,20131120,1.000533892433851,20131113,1.0012247841302775
20131218,1.0001357823823682,20131224,1.0003625029192287,20131218,1.000542406283951,20131218,1.0012157920529836
20140122,1.0001303270857702,20140122,1.000332958126671,20140115,1.000528899616539,20140115,1.0012115487076383
20140219,1.000125616253053,20140219,1.000321645222019,20140212,1.0005194023644404,20140212,1.0011565930460014
20140319,1.0001245777301981,20140319,1.0003231404475534,20140319,1.000531310686546,20140319,1.0011876840391303
20140416,1.0001214359171158,20140423,1.0003114676995166,20140416,1.0004966983783874,20140416,1.0010920671122117
20140521,1.0001177383327662,20140521,1.0003051592670789,20140514,1.0004829496292134,20140521,1.00108139006422
20140618,1.0001222304495718,20140618,1.000314727251653,20140618,1.0005217206359776,20140618,1.0011737646480108
20140716,1.0001230453000456,20140723,1.0003187892966403,20140716,1.00050814105995,20140716,1.0011485731446343
20140820,1.0001226380204058,20140820,1.0003167136038318,20140820,1.0005172156284916,20140820,1.0011608842238415
20140917,1.0001222255229423,20140924,1.0003339224804078,20140917,1.0005265559909624,20140917,1.0012288469672954
20141022,1.0001210421449702,20141022,1.0003170622645767,20141015,1.00050041537972,20141015,1.0011266978513833
20141119,1.000123623914779,20141119,1.0003181753741732,20141119,1.0005255240237343,20141112,1.0011892395737136
20141217,1.0001299204275123,20141224,1.0003468463192755,20141217,1.0005536916044142,20141217,1.0013832130240368
20150121,1.0001326368620271,20150121,1.0003500172016133,20150114,1.0005591661459778,20150114,1.0013295479803281
20150218,1.0001412602649415,20150218,1.0003736263758656,20150211,1.0006117296126762,20150218,1.0016290324744597
20150318,1.0001396566121334,20150318,1.000366732486282,20150318,1.0006190092038447,20150318,1.0015994012396825
20150415,1.0001440399522694,20150422,1.000386253765628,20150415,1.0006273999365802,20150415,1.0015740464088991
20150520,1.0001465574997537,20150520,1.0003894738393384,20150520,1.0006528060599444,20150520,1.001664439190762
20150617,1.0001495130201847,20150624,1.000412154478863,20150617,1.0006918571778352,20150617,1.001843616482614
20150722,1.0001486319301496,20150722,1.0004200849875118,20150715,1.0006818298009992,20150715,1.0018113502347161
20150819,1.0001599886465251,20150819,1.0004475728494426,20150819,1.0007895427989242,20150819,1.0020393262203655
20150916,1.0001697438569133,20150923,1.00043924642971,20150916,1.0008618573971793,20150916,1.0022338550776184
20151021,1.0001551786671439,20151021,1.000440256743665,20151014,1.0007105554381066,20151014,1.0017282417732825
20151118,1.000166038771561,20151118,1.000523324732425,20151118,1.000954513661619,20151118,1.0024632068231294
20151216,1.0002886489890042,20151223,1.0008633432403857,20151216,1.0012644770341586,20151216,1.0030617587376545
20160120,1.0003416847170936,20160120,1.0008665551889557,20160113,1.0014226593309878,20160113,1.0032934689956992
20160217,1.0003477610341094,20160217,1.000874839114062,20160217,1.00143331226831,20160217,1.003151387087243
20160316,1.0003516860325168,20160323,1.0008947685393452,20160316,1.0014387959832007,20160316,1.003329929044116
20160420,1.0003557644149466,20160420,1.0009120124149793,20160413,1.0014368525749293,20160420,1.0034504656230867
20160518,1.0003533009424617,20160518,1.000940147801482,20160518,1.0015857239777435,20160518,1.003683406461962
20160615,1.0003580658949396,20160622,1.0009179090302678,20160615,1.0014538756911817,20160615,1.003274555238366
20160720,1.0003910862578203,20160720,1.0010016648728008,20160720,1.0016639812587,20160720,1.0037560264408003
20160817,1.0004092705502652,20160824,1.0011371879900823,20160817,1.0018139483015283,20160817,1.004083477984705
20160921,1.0004387748069021,20160921,1.0011708797223549,20160914,1.001856361848783,20160914,1.0041918809391697
20161019,1.000420563168849,20161019,1.001145668107218,20161019,1.001926792037394,20161019,1.0042803052235754
20161116,1.0004433180696573,20161123,1.0013036109326676,20161116,1.0020126760593717,20161116,1.0045374972519636
20161221,1.0006071608023397,20161221,1.0014491440722835,20161214,1.002236903580502,20161214,1.005073745164356
20170118,1.0006243337800271,20170118,1.0014972740797954,20170118,1.002400137511129,20170118,1.0053634730930485
20170215,1.000626421643427,20170222,1.001599289730902,20170215,1.0025294805223395,20170215,1.0057226265781483
20170322,1.0007916333956248,20170322,1.0017826516968256,20170315,1.002768225159114,20170315,1.0061611538462325
20170419,1.0007978745436439,20170419,1.0017841834358256,20170419,1.0028302001391576,20170419,1.0061076229593324
20170517,1.0008045381591226,20170524,1.0018750387122966,20170517,1.002822834527536,20170517,1.0060417719505412
20170621,1.0009788970949893,20170621,1.002068188613388,20170614,1.00308007713126,20170614,1.0064673900820542
20170719,1.0009872619297802,20170719,1.0020844406604348,20170719,1.003201942703351,20170719,1.0067211579192028
20170816,1.0009874049010035,20170823,1.002099216493465,20170816,1.003235486632521,20170816,1.006846476512121
20170920,1.0009945449102078,20170920,1.0021423972055845,20170913,1.0032572951126457,20170913,1.0068735851229222
20171018,1.0009969197506432,20171018,1.0021719757458964,20171018,1.0034300197446346,20171018,1.0074169486700784
20171115,1.0010176233907546,20171122,1.0023587493643495,20171115,1.0035643143238453,20171115,1.007766851029904
20171220,1.0012306901045291,20171220,1.002626112424964,20171213,1.0039315521101,20171213,1.0084240467520431
20180117,1.0012485063181011,20180117,1.0027152827736248,20180117,1.00426931633618,20180117,1.009258447613455
20180214,1.0012823914912174,20180221,1.0030485443173325,20180214,1.004626841942442,20180214,1.0100762976787085
20180321,1.0014929620339876,20180321,1.0034206141003135,20180314,1.0053722253260076,20180321,1.0113166006273726
20180418,1.0015234472905008,20180418,1.0034718819120854,20180418,1.0054819202182064,20180418,1.0116344526463157
20180516,1.0015463612621465,20180523,1.0034906920456814,20180516,1.005396766902035,20180516,1.0116093214622528
20180620,1.0016748166860892,20180620,1.0036452716516682,20180620,1.0056623725771678,20180620,1.0120541900431101
20180718,1.00167123948334,20180725,1.0036690850026657,20180718,1.0057230897568237,20180718,1.0122599488493693
20180822,1.001656825067467,20180822,1.0036224522999824,20180815,1.0056085864497024,20180815,1.0120977087098015
20180919,1.0017470539823916,20180919,1.0037686845128784,20180919,1.005892928040348,20180912,1.012562574405268
20181017,1.0018333410961948,20181024,1.0040577398499455,20181017,1.006201451618089,20181017,1.0132884553023744
20181121,1.001864903775081,20181121,1.004167620632592,20181114,1.0064014523063138,20181114,1.0135961596141776
20181219,1.0019900446052654,20181219,1.004292430237427,20181212,1.0065784713648598,20181219,1.0135040212138784
20190116,1.0020174783489892,20190116,1.004261444487486,20190116,1.0065170528348624,20190116,1.0133162232963426
20190213,1.002007691764624,20190220,1.0041737232212424,20190213,1.0064235733277918,20190213,1.0130904367139033
20190320,1.0020006990499049,20190320,1.0041794685354937,20190320,1.00635529357862,20190320,1.0128794066121387
20190417,1.0020000269057083,20190424,1.0041573938238397,20190417,1.006332972916555,20190417,1.0127959080893996
20190522,1.0019603089599065,20190522,1.0040714133950892,20190515,1.006108388965668,20190515,1.012149233344788
20190619,1.001916298484048,20190619,1.0037898917165866,20190619,1.00554657003009,20190619,1.0104984105653403
20190717,1.0018559270041356,20190724,1.0036627040710373,20190717,1.0054409960144874,20190717,1.0105645348781247
20190821,1.0017409949246419,20190821,1.0034437528466615,20190814,1.0051057212456915,20190821,1.0095992332518484
20190918,1.0016430893118407,20190918,1.0034171107491663,20190918,1.005152971545009,20190918,1.0099819327993893
20191016,1.001510658158742,20191023,1.0030579749799138,20191016,1.0046909629147245,20191016,1.009024460304032
20191120,1.0013755623581377,20191120,1.0029476904194896,20191120,1.00445194814643,20191113,1.008881392219263
20191218,1.0014045567054706,20191223,1.0029748925269957,20191218,1.0044552151900845,20191218,1.0088009247607888
20200122,1.001327478737744,20200122,1.0027831579725235,20200115,1.0042695673347548,20200115,1.0085434811742224
20200219,1.001318994077228,20200219,1.002708663289886,20200212,1.0040913848727873,20200219,1.0079722840565382
20200318,1.0006253075281826,20200318,1.0013092498341152,20200318,1.001882871594109,20200318,1.0031675977098067
20200415,1.0005859446193661,20200422,1.0009048588170106,20200415,1.001519424884073,20200415,1.0023970543731529
20200520,1.0001321145942705,20200520,1.000374573732096,20200520,1.0006061273195992,20200520,1.0012941261967376
20200617,1.0001501718899337,20200624,1.0004033724267198,20200617,1.0006734494872644,20200617,1.001435435594327
20200722,1.00013818523946,20200722,1.000352133342516,20200715,1.000573129595218,20200715,1.001284975778932
20200819,1.000130663013163,20200819,1.0003148488460818,20200819,1.0005039571629415,20200819,1.0011346180007503
20200916,1.0001191741977622,20200923,1.0003079173058063,20200916,1.0005243376635349,20200916,1.001130711271763
20201021,1.0001164282987747,20201021,1.0003085381132095,20201014,1.000505871967927,20201014,1.0010438598063398
20201118,1.0001163303343419,20201118,1.000326767493308,20201118,1.0005214934891822,20201118,1.001064677405186
20201216,1.0001233456658118,20201223,1.0002870507173036,20201216,1.0004422644002111,20201216,1.0008724031678646
20210120,1.0001021930701637,20210120,1.0002718512149047,20210113,1.00041373952276,20210113,1.0008541014128678
20210217,1.000089471488049,20210217,1.000221398832306,20210217,1.0003483115504956,20210217,1.0007195725451044
20210317,1.000087369163495,20210324,1.0002374626056332,20210317,1.0003599344320913,20210317,1.0007714553404397
20210421,1.0000885605005059,20210421,1.0002402248924323,20210414,1.0003794889849933,20210414,1.000826117654327
20210519,1.0000752888998203,20210519,1.0002011093540217,20210519,1.0003318129007397,20210519,1.000730635474961
20210616,1.0000658061877647,20210623,1.0001893008260994,20210616,1.0002920821271324,20210616,1.0006811086163265
20210721,1.0000720759114337,20210721,1.0001839227982212,20210714,1.0002821141922054,20210721,1.0007307236186838
20210818,1.0000723652569865,20210818,1.0001791630935828,20210818,1.000292457743731,20210818,1.0007011786515385
20210915,1.0000674032458863,20210922,1.0001792455929046,20210915,1.0002921992024207,20210915,1.000689860565555
20211020,1.000069852004117,20211020,1.0001990893628414,20211020,1.0003557764279165,20211013,1.0007469226486327
20211117,1.0000742216332845,20211124,1.0002949694381078,20211117,1.0004123598188626,20211117,1.0010495711792857
20211222,1.00045213682278,20211222,1.000921857338103,20211215,1.0013396372664063,20211215,1.0028009728477139
